Name,Email Address,Registration Number
John Doe,john.doe@example.com,TCONF001
Jane Smith,jane.smith@example.com,TCONF002
Bob Johnson,bob.johnson@example.com,TCONF003
Alice Brown,alice.brown@example.com,TCONF004
Charlie Green,charlie.green@example.com,TCONF005
Diana Prince,diana.prince@example.com,TCONF006
Evan Wright,evan.wright@example.com,TCONF007
Fiona Gallagher,fiona.gallagher@example.com,TCONF008
George Costanza,george.costanza@example.com,TCONF009
Hannah Abbott,hannah.abbott@example.com,TCONF010
