Name,Registration Number,Email Address,Phone Number,Ticket Class,Company
Liam Smith,DEMO001,liam.smith@example.com,+919876543211,VIP,TechCorp
Olivia Johnson,DEMO002,olivia.j@example.com,+919876543212,General,Innovate LLC
Noah Williams,DEMO003,noah.w@example.com,+919876543213,VIP,WebSolutions
Emma Brown,DEMO004,emma.b@example.com,+919876543214,General,DesignStudios
Oliver Jones,DEMO005,oliver.j@example.com,+919876543215,VIP,CloudSystems
Ava Garcia,DEMO006,ava.g@example.com,+919876543216,General,DataLogic
Elijah Miller,DEMO007,elijah.m@example.com,+919876543217,VIP,CyberGuard
Charlotte Davis,DEMO008,charlotte.d@example.com,+919876543218,General,MediTech
James Rodriguez,DEMO009,james.r@example.com,+919876543219,VIP,FinSolutions
Sophia Martinez,DEMO010,sophia.m@example.com,+919876543220,General,EduBuild
Benjamin Hernandez,DEMO011,benjamin.h@example.com,+919876543221,VIP,GreenEnergy
Isabella Lopez,DEMO012,isabella.l@example.com,+919876543222,General,LogisticsPlus
Lucas Gonzalez,DEMO013,lucas.g@example.com,+919876543223,VIP,AutoMotive
Mia Wilson,DEMO014,mia.w@example.com,+919876543224,General,FoodExpress
Alexander Anderson,DEMO015,alex.a@example.com,+919876543225,VIP,PrintMedia
